field1;field2;field3;field4
id;call_id;latitude;longitude
;1;54.987229;73.309965
;2;54.982445;73.326117
;3;54.984315;73.395638
;4;54.976757;73.292951
;5;54.985700;73.374015
;6;55.020549;73.145915
;7;55.018923;73.140426
;8;55.017638;73.140893
;9;55.009977;73.351126
;10;55.014639;73.347380
;11;55.017323;73.344326
;12;54.997017;73.288954
;13;54.976013;73.300102
;14;54.998984;73.305537
